<?xml version="1.0" encoding="UTF-8"?>
<Configuration>
    <Appenders>
        <!-- Rolling File Appender -->
        <RollingFile name="RollingFile">
           
            <!-- Donot comment for the server deployment    - Darien reponsability --> 
<!--          <FileName>/home/weblogic/config/cop.tracfone.com/logs/tracfone-cop.log</FileName>-->
<!--           <FilePattern>/home/weblogic/config/cop.tracfone.com/logs/tracfone-cop-%d{yyyy-MM-dd-hh-mm}.log.zip</FilePattern>-->
           
          <FileName>C:/Users/thejaswini.chandra/Desktop/COPUI/logs/tracfone-cop.log</FileName>
            <FilePattern>C:/Users/thejaswini.chandra/Desktop/COPUI/logs/tracfone-cop-bkup-%d{yyyy-MM-dd-hh-mm}.log.zip</FilePattern>
             
            <PatternLayout> 
                <Pattern>%d COPTHREAD:{%T} %-5level [%t] %logger{36} - %msg%n</Pattern>
            </PatternLayout>
            <Policies>
                <TimeBasedTriggeringPolicy interval="1" modulate="true"/>
                <SizeBasedTriggeringPolicy size="100 MB"/>
            </Policies>
            <DefaultRolloverStrategy max="20"/>
        </RollingFile>
    </Appenders>
    <Loggers>
        <Root level="INFO">
            <AppenderRef ref="RollingFile" Level="INFO"/>
        </Root>
    </Loggers>
</Configuration>