<?xml version="1.0" encoding="UTF-8"?>
<weblogic-web-app xmlns="http://www.bea.com/ns/weblogic/weblogic-web-app" xmlns:xsi="http://www.w3.org/2001/XMLSchema-instance" xsi:schemaLocation="http://www.bea.com/ns/weblogic/weblogic-web-app http://www.bea.com/ns/weblogic/weblogic-web-app/1.0/weblogic-web-app.xsd">
  <jsp-descriptor>
    <keepgenerated>true</keepgenerated>
    <debug>true</debug>
  </jsp-descriptor>
  <context-root>cop</context-root>
   <library-ref>
       <library-name>jax-rs</library-name>
       <specification-version>2.0</specification-version>
       <exact-match>false</exact-match>
    </library-ref> 
</weblogic-web-app>
